FoodID,FoodName,Category,Calories,Protein_g,Carbs_g,Fat_g,Fiber_g,GlycemicIndex,GI_Impact,IsVegetarian,IsNonVeg,IsVegan,IsEggetarian,IsJain,IsSouthIndian,IsNorthIndian,IsMediterranean,Allergens,CookingNotes,HealthySubstitutes
1,Rolled Oats (1 cup cooked),Whole Grains,160,6.0,28.0,2.5,4.0,55,Low,True,False,True,False,True,True,True,True,Gluten,Simmer in almond or soy milk for 5 mins; top with chia and berries.,"Steel Cut Oats, Quinoa Porridge"
2,Brown Rice (1 cup cooked),Whole Grains,216,5.0,45.0,1.8,3.5,55,Medium,True,False,True,False,True,True,True,False,None,Soak for 30 mins before steam cooking to reduce phytic acid.,"Cauliflower Rice, Red Rice"
3,Red Rice (1 cup cooked),Whole Grains,205,4.5,44.0,1.6,3.8,52,Low,True,False,True,False,True,True,False,False,None,Pressure cook with 1:3 water ratio for soft texture.,"Brown Rice, Foxtail Millet"
4,Quinoa (1 cup cooked),Whole Grains,222,8.1,39.0,3.6,5.2,53,Low,True,False,True,False,True,False,False,True,None,Rinse under cold water before boiling to remove saponins.,"Amaranth, Brown Rice"
5,Foxtail Millet (Navane),Whole Grains,195,6.0,38.0,2.1,4.5,54,Low,True,False,True,False,True,True,True,False,None,Dry roast lightly before cooking into upma or khichdi.,"Kodo Millet, Little Millet"
6,Finger Millet (Ragi),Whole Grains,200,5.0,42.0,1.3,6.0,54,Low,True,False,True,False,True,True,False,False,None,Whisk with warm water into malt or steam into soft ragi balls.,"Jowar Flour, Bajra"
7,Pearl Millet (Bajra),Whole Grains,210,6.5,40.0,2.5,5.0,55,Medium,True,False,True,False,True,False,True,False,None,Knead into warm roti dough with garlic and green chili.,"Jowar Roti, Missi Roti"
8,Sorghum (Jowar),Whole Grains,190,5.5,41.0,1.5,4.8,50,Low,True,False,True,False,True,True,True,False,None,Use warm water while kneading to make soft gluten-free flatbread.,"Bajra Roti, Ragi Mudde"
9,Steel Cut Oats,Whole Grains,170,7.0,29.0,3.0,5.0,52,Low,True,False,True,False,True,False,False,False,Gluten,Slow cook on low flame for 15 mins for maximum fiber preservation.,"Rolled Oats, Buckwheat"
10,Barley Porridge (1 cup),Whole Grains,193,3.5,44.0,0.7,6.0,28,Low,True,False,True,False,True,False,False,True,Gluten,Boil pearl barley until tender; serve with roasted cinnamon.,"Oats Porridge, Quinoa"
11,Whole Wheat Roti (1 pc),Whole Grains,100,3.0,20.0,0.5,2.5,62,Medium,True,False,True,False,True,True,True,False,"Gluten,Wheat",Puff on direct flame without oil or butter for low calorie count.,"Jowar Roti, Missi Roti"
12,Multigrain Bread (2 slices),Whole Grains,160,8.0,28.0,2.0,4.0,53,Low,True,False,True,False,True,False,False,False,"Gluten,Wheat,Sesame",Toast lightly without butter; spread crushed avocado or peanut butter.,"Sourdough Bread, Gluten-Free Toast"
13,Buckwheat Groats (Kuttu),Whole Grains,155,5.7,33.0,1.0,4.5,45,Low,True,False,True,False,True,False,True,False,None,Boil or make savory khichdi with cumin and green apple.,"Quinoa, Rajgira Amaranth"
14,Amaranth Grain (Rajgira),Whole Grains,250,9.0,46.0,3.8,5.0,35,Low,True,False,True,False,True,True,True,False,None,Pop in a hot dry skillet or boil into protein-packed porridge.,"Quinoa, Buckwheat"
15,Wild Rice (1 cup),Whole Grains,166,6.5,35.0,0.6,3.0,57,Medium,True,False,True,False,True,False,False,False,None,Boil with vegetable broth for a nutty herbal aroma.,"Brown Rice, Black Rice"
16,Bulgur Wheat (1 cup),Whole Grains,151,5.6,34.0,0.4,8.0,48,Low,True,False,True,False,True,False,False,True,"Gluten,Wheat",Steep in boiling water for 12 mins for Tabbouleh salad base.,"Quinoa, Broken Wheat Dalia"
17,Freekeh (1 cup),Whole Grains,170,8.0,32.0,1.0,7.0,43,Low,True,False,True,False,True,False,False,True,"Gluten,Wheat",Simmer in savory herb broth until tender and smoky.,"Bulgur Wheat, Quinoa"
18,Spelt Flakes,Whole Grains,180,6.0,36.0,1.5,5.0,54,Low,True,False,True,False,True,False,False,False,"Gluten,Wheat",Mix with Greek yogurt and berries for breakfast parfait.,"Oats Flakes, Barley Flakes"
19,Ragi Mudde (1 ball),Whole Grains,180,4.0,38.0,1.0,5.5,50,Low,True,False,True,False,True,True,False,False,None,Steam ragi flour paste and roll into smooth warm mudde balls.,"Jowar Roti, Bajra Mudde"
20,Jowar Roti (1 pc),Whole Grains,90,2.8,19.0,0.6,2.8,49,Low,True,False,True,False,True,True,True,False,None,Pat out dough by hand using warm water on tawa.,"Bajra Roti, Ragi Roti"
21,Bajra Roti (1 pc),Whole Grains,110,3.2,21.0,1.2,3.0,52,Low,True,False,True,False,True,False,True,False,None,Cook on cast iron tawa; pair with garlic chutney.,"Jowar Roti, Missi Roti"
22,Broken Wheat Dalia Upma,Whole Grains,210,6.0,38.0,4.0,5.0,54,Low,True,False,True,False,True,True,True,False,"Gluten,Wheat",Saute veggies with mustard seeds and curry leaves before boiling dalia.,"Oats Upma, Millet Upma"
23,Brown Rice Poha,Whole Grains,180,3.5,38.0,1.2,3.0,55,Medium,True,False,True,False,True,True,True,False,None,"Rinse poha lightly; toss with turmeric, peanuts, and lemon juice.","Red Rice Poha, Oats Poha"
24,Cornmeal Polenta,Whole Grains,145,3.0,31.0,1.0,2.5,68,Medium,True,False,True,False,True,False,False,False,Corn,Whisk continuously in warm water or milk until creamy.,"Millet Mash, Mashed Potato"
25,Teff Grain (1 cup),Whole Grains,255,9.8,50.0,1.6,7.0,57,Medium,True,False,True,False,True,False,False,False,None,Cook into porridge or ferment into gluten-free injera flatbread.,"Quinoa, Amaranth"
26,Whole Wheat Pasta,Whole Grains,174,7.5,37.0,0.8,4.3,42,Low,True,False,True,False,True,False,False,True,"Gluten,Wheat","Boil al dente; toss with extra virgin olive oil, garlic, and basil.","Chickpea Pasta, Zucchini Noodles"
27,Chickpea Pasta,Whole Grains,190,14.0,32.0,3.5,6.0,38,Low,True,False,True,False,True,False,False,True,None,High protein gluten-free alternative; boil for 7-9 mins.,"Whole Wheat Pasta, Lentil Pasta"
28,Lentil Pasta,Whole Grains,200,15.0,30.0,2.0,5.5,35,Low,True,False,True,False,True,False,False,True,None,Boil in salted water; pair with homemade marinara sauce.,"Chickpea Pasta, Edamame Pasta"
29,Sourdough Wheat Bread,Whole Grains,140,6.0,26.0,1.0,3.0,53,Low,True,False,True,False,True,False,False,True,"Gluten,Wheat",Fermented sourdough supports gut microbiome health.,"Multigrain Bread, Rye Bread"
30,Rye Bread (2 slices),Whole Grains,166,5.4,31.0,2.0,3.8,48,Low,True,False,True,False,True,False,False,False,Gluten,Dense high-fiber rye bread; top with cottage cheese and cucumber.,"Sourdough Bread, Whole Wheat Toast"
31,Steamed Spinach (1 cup),Vegetables,41,5.3,6.8,0.5,4.3,15,Low,True,False,True,False,True,True,True,True,None,Steam for 3 mins to preserve folate and lutein content.,"Kale, Swiss Chard"
32,Fresh Broccoli (1 cup cooked),Vegetables,55,3.7,11.0,0.6,5.1,15,Low,True,False,True,False,True,True,True,True,None,Lightly steam or roast with olive oil and garlic.,"Cauliflower, Brussels Sprouts"
33,Cauliflower Rice (1 cup),Vegetables,25,2.0,5.0,0.3,2.5,15,Low,True,False,True,False,True,True,True,False,None,Grate cauliflower head; stir-fry on high heat for 4 mins.,"Steamed Cabbage, Broccoli Rice"
34,Steamed Cabbage,Vegetables,34,1.8,8.0,0.1,3.0,15,Low,True,False,True,False,True,True,True,False,None,Shred finely and steam with carom seeds (ajwain).,"Cauliflower Rice, Kale"
35,Raw Cucumber Slices,Vegetables,16,0.7,3.8,0.2,1.0,15,Low,True,False,True,False,True,True,True,True,None,Slice raw; sprinkle with pink Himalayan salt and mint.,"Zucchini Ribbons, Celery Sticks"
36,Roasted Carrots,Vegetables,54,1.2,12.0,0.3,3.4,39,Low,True,False,True,False,False,True,True,True,None,Toss with olive oil and thyme; roast at 200°C for 20 mins.,"Boiled Beetroot, Sweet Potato"
37,Boiled Beetroot,Vegetables,44,1.7,10.0,0.2,2.8,64,Medium,True,False,True,False,False,True,True,False,None,Boil or grate into salad for nitrate boost and stamina.,"Roasted Carrots, Radish"
38,Sautéed Zucchini,Vegetables,27,2.0,4.8,0.4,1.8,15,Low,True,False,True,False,True,False,False,True,None,Spiralize into noodles or sauté with oregano.,"Yellow Squash, Cucumber"
39,Grilled Asparagus,Vegetables,40,4.3,7.0,0.4,3.6,15,Low,True,False,True,False,True,False,False,True,None,Snap off woody ends; grill with olive oil and lemon zest.,"Green Beans, Broccoli"
40,Steamed Kale,Vegetables,36,2.5,7.3,0.5,2.6,15,Low,True,False,True,False,True,False,False,True,None,Massage leaves with olive oil before light steaming.,"Steamed Spinach, Swiss Chard"
41,Sautéed Mushrooms,Vegetables,28,3.1,4.4,0.3,1.2,15,Low,True,False,True,False,True,True,True,True,None,Sauté in dry pan first to release water; finish with herbs.,"Tofu Cubes, Eggplant"
42,Bell Peppers (Red/Green),Vegetables,30,1.2,7.0,0.3,2.5,15,Low,True,False,True,False,True,True,True,True,None,Slice raw into salads or roast into fajita veggies.,"Zucchini, Carrots"
43,Baked Sweet Potato,Vegetables,103,2.3,24.0,0.2,3.8,54,Low,True,False,True,False,False,True,True,False,None,Bake whole in skin for beta-carotene and steady energy.,"Roasted Pumpkin, Beetroot"
44,Roasted Pumpkin,Vegetables,30,1.2,7.5,0.1,1.5,65,Medium,True,False,True,False,True,True,True,False,None,Cube and bake with cinnamon or nutmeg.,"Sweet Potato, Carrots"
45,Bitter Gourd (Karela),Vegetables,45,2.0,7.0,1.5,3.0,15,Low,True,False,True,False,True,True,True,False,None,Sauté with turmeric and dry mango powder to balance bitterness.,"Bottle Gourd, Ridge Gourd"
46,Bottle Gourd (Lauki),Vegetables,35,1.0,6.0,0.8,2.0,15,Low,True,False,True,False,True,True,True,False,None,Cook with yellow moong dal for digestive soothing.,"Ridge Gourd, Zucchini"
47,Ridge Gourd (Turai),Vegetables,30,1.1,5.5,0.5,2.2,15,Low,True,False,True,False,True,True,True,False,None,Peel lightly; simmer with mustard seeds and curry leaves.,"Bottle Gourd, Lauki"
48,Drumstick Sambar Veggies,Vegetables,40,2.2,7.0,0.6,3.2,15,Low,True,False,True,False,True,True,False,False,None,Boil in lentil sambar gravy rich in micronutrients.,"French Beans, Okra"
49,Brinjal Bharta,Vegetables,70,1.5,8.0,4.0,3.0,15,Low,True,False,True,False,True,True,True,False,None,Roast whole eggplant on open flame; mash with tomatoes and herbs.,"Zucchini Sabzi, Mushroom Sauté"
50,Bhindi Masala (Okra),Vegetables,65,2.0,7.5,3.5,3.2,15,Low,True,False,True,False,True,True,True,False,None,Dry slit bhindi before stir-frying to eliminate sliminess.,"French Beans, Cluster Beans"
51,Cluster Beans (Gavar),Vegetables,50,3.2,8.0,0.5,4.0,15,Low,True,False,True,False,True,True,True,False,None,Steam thoroughly; toss with crushed ajwain and garlic.,"French Beans, Bhindi"
52,French Beans Stir-fry,Vegetables,45,2.0,7.0,1.5,3.4,15,Low,True,False,True,False,True,True,True,False,None,Snap ends; stir-fry with grated coconut and mustard seeds.,"Cluster Beans, Asparagus"
53,Green Peas Boiled,Vegetables,118,8.0,21.0,0.5,7.0,48,Low,True,False,True,False,True,True,True,False,None,Boil until tender; fold into brown rice or salads.,"Edamame, Sweet Corn"
54,Brussels Sprouts,Vegetables,56,4.0,11.0,0.8,4.0,15,Low,True,False,True,False,True,False,False,True,None,Halve and roast with balsamic glaze until caramelized.,"Broccoli, Cabbage"
55,Steamed Artichoke,Vegetables,64,3.5,14.0,0.4,7.0,15,Low,True,False,True,False,True,False,False,True,None,Steam whole for 30 mins; dip leaves in lemon tahini.,"Asparagus, Brussels Sprouts"
56,Celery Sticks,Vegetables,14,0.7,3.0,0.2,1.6,15,Low,True,False,True,False,True,False,False,True,None,Chop raw for crunch; dip in peanut butter or hummus.,"Cucumber Slices, Radish"
57,Raw Radish (Mooli),Vegetables,18,0.8,4.0,0.1,1.9,15,Low,True,False,True,False,False,True,True,False,None,Grate into raw salad with lemon juice and coriander.,"Turnip, Cucumber"
58,Turnip (Shalgam),Vegetables,34,1.1,8.0,0.1,2.3,30,Low,True,False,True,False,False,True,True,False,None,Dice into vegetable soups or curry gravies.,"Radish, Beetroot"
59,Colocasia Leaves (Arbi),Vegetables,35,2.5,6.0,0.5,3.0,15,Low,True,False,True,False,True,True,True,False,None,Steam leaves after smearing with spiced chickpea paste.,"Spinach, Kale"
60,Fenugreek Leaves (Methi),Vegetables,40,4.0,6.0,0.9,4.0,15,Low,True,False,True,False,True,True,True,False,None,Chop finely; knead into multigrain dough for flatbreads.,"Spinach, Amaranth Leaves"
61,Mustard Greens (Sarson),Vegetables,35,3.2,5.0,0.4,3.5,15,Low,True,False,True,False,True,False,True,False,Mustard,"Boil and puree greens with garlic, ginger, and green chili.","Spinach, Methi"
62,Amaranth Leaves (Chaulai),Vegetables,38,3.5,6.5,0.5,3.8,15,Low,True,False,True,False,True,True,True,False,None,Sauté with garlic and red chilies.,"Spinach, Kale"
63,Raw Tomato Slices,Vegetables,22,1.1,4.8,0.2,1.5,15,Low,True,False,True,False,True,True,True,True,None,Slice fresh for lycopene antioxidant boost.,"Bell Peppers, Cucumber"
64,Sweet Corn Kernels,Vegetables,96,3.4,21.0,1.5,2.4,60,Medium,True,False,True,False,True,True,True,False,Corn,Steam kernels; toss with black pepper and lime juice.,"Green Peas, Baby Corn"
65,Raw Baby Corn,Vegetables,40,1.5,9.0,0.3,2.0,55,Medium,True,False,True,False,True,True,True,False,Corn,Stir-fry with capsicum and mushroom.,"Sweet Corn, Zucchini"
66,Green Apple (medium),Fruits,95,0.5,25.0,0.3,4.4,38,Low,True,False,True,False,True,True,True,True,None,Eat with skin intact for pectin fiber and low GI impact.,"Red Apple, Pear"
67,Red Delicious Apple,Fruits,95,0.5,25.0,0.3,4.4,39,Low,True,False,True,False,True,True,True,True,None,Wash thoroughly; pair with raw walnuts for mid-day snack.,"Green Apple, Pear"
68,Robusta Banana (medium),Fruits,105,1.3,27.0,0.3,3.1,51,Low,True,False,True,False,True,True,True,False,None,Ideal pre/post workout carbohydrate and potassium source.,"Yelakki Banana, Papaya"
69,Yelakki Banana (small),Fruits,60,0.8,15.0,0.2,1.8,48,Low,True,False,True,False,True,True,False,False,None,Compact pre-workout quick energizer.,"Robusta Banana, Figs"
70,Fresh Valencia Orange,Fruits,62,1.2,15.0,0.2,3.1,40,Low,True,False,True,False,True,True,True,True,Citrus,Eat fresh segment pulp for bioflavonoids and vitamin C.,"Sweet Lime, Grapefruit"
71,Sweet Lime (Mosambi),Fruits,50,0.8,12.0,0.1,2.5,40,Low,True,False,True,False,True,True,True,False,Citrus,Eat whole segments rather than strained juice to keep fiber.,"Orange, Grapefruit"
72,Fresh Blueberries (1 cup),Fruits,84,1.1,21.0,0.5,3.6,53,Low,True,False,True,False,True,False,False,True,None,Rich in anthocyanin antioxidants; fold into oats porridge.,"Strawberries, Raspberries"
73,Fresh Strawberries (1 cup),Fruits,49,1.0,11.7,0.5,3.0,41,Low,True,False,True,False,True,False,False,True,None,Slice into Greek yogurt or chia pudding.,"Blueberries, Blackberries"
74,Fresh Raspberries,Fruits,64,1.5,14.7,0.8,8.0,32,Low,True,False,True,False,True,False,False,True,None,High fiber berry; top onto protein smoothies.,"Strawberries, Blueberries"
75,Blackberries (1 cup),Fruits,62,2.0,13.8,0.7,7.6,25,Low,True,False,True,False,True,False,False,True,None,Low GI berry ideal for diabetic carbohydrate control.,"Raspberries, Strawberries"
76,Ripe Papaya (1 cup),Fruits,62,0.9,15.7,0.4,2.5,60,Medium,True,False,True,False,True,True,True,False,None,Contains papain enzymes for digestive support.,"Guava, Melon"
77,Pink Guava (medium),Fruits,37,1.4,7.9,0.5,4.9,12,Low,True,False,True,False,True,True,True,False,None,Extremely low GI fruit packed with 4x vitamin C of oranges.,"Green Apple, Papaya"
78,Fresh Green Kiwi,Fruits,42,0.8,10.0,0.4,2.1,52,Low,True,False,True,False,True,False,False,True,None,Peel and slice; rich in actinidin enzyme and vitamin C.,"Strawberries, Orange"
79,Watermelon Slices,Fruits,46,0.9,11.5,0.2,0.6,72,High,True,False,True,False,True,True,True,True,None,High hydration content; consume in moderate portion.,"Muskmelon, Papaya"
80,Pomegranate Seeds,Fruits,144,3.0,32.7,2.0,7.0,53,Low,True,False,True,False,True,True,True,True,None,Eat arils fresh for punicalagin polyphenols and heart health.,"Berries, Guava"
81,Bartlett Pear,Fruits,101,0.6,27.0,0.2,5.5,38,Low,True,False,True,False,True,True,True,True,None,Eat unpeeled for maximum soluble fiber.,"Green Apple, Guava"
82,Black Grapes,Fruits,62,0.6,16.0,0.3,0.9,59,Medium,True,False,True,False,True,True,True,False,None,Contains resveratrol; limit portion to 15 grapes.,"Blueberries, Pomegranate"
83,Alphonso Mango Slices,Fruits,99,1.4,24.7,0.6,2.6,51,Low,True,False,True,False,True,True,True,False,None,Enjoy fresh slices in moderation during season.,"Papaya, Pineapple"
84,Pineapple Cubes,Fruits,82,0.9,21.6,0.2,2.3,59,Medium,True,False,True,False,True,True,True,False,None,Contains bromelain anti-inflammatory enzyme.,"Papaya, Mango"
85,Hass Avocado (half),Fruits,160,2.0,8.5,14.7,6.7,15,Low,True,False,True,False,True,False,False,True,None,Mash on whole grain toast or add to salads for monounsaturated fats.,"Extra Virgin Olive Oil, Chia Seeds"
86,Dried Figs (Anjeer),Fruits,110,1.5,28.0,0.5,4.0,61,Medium,True,False,True,False,True,True,True,False,None,Soak 2 anjeer overnight in water for fiber and digestive ease.,"Dates, Prunes"
87,Medjool Dates (2 pcs),Fruits,133,0.9,36.0,0.1,3.2,42,Low,True,False,True,False,True,True,True,False,None,Natural sweetener; eat 2 dates pre-workout for rapid glycogen.,"Dried Figs, Raisins"
88,Muskmelon / Cantaloupe,Fruits,53,1.3,12.0,0.3,1.4,65,Medium,True,False,True,False,True,True,True,False,None,High electrolyte and hydration fruit.,"Watermelon, Papaya"
89,Red Dragon Fruit,Fruits,60,1.2,13.0,0.5,2.9,48,Low,True,False,True,False,True,True,False,False,None,Dice into fruit salads for gut prebiotic fiber.,"Kiwi, Papaya"
90,Fresh Plums (2 small),Fruits,60,0.9,15.0,0.4,1.9,40,Low,True,False,True,False,True,False,True,True,None,Eat fresh with skin; supports healthy blood pressure.,"Peaches, Apricots"
91,Fresh Peaches,Fruits,59,1.4,14.0,0.4,2.3,42,Low,True,False,True,False,True,False,True,True,None,Slice into salads or eat whole as mid-morning snack.,"Plums, Nectarines"
92,Fresh Apricots,Fruits,50,1.4,11.0,0.4,2.1,34,Low,True,False,True,False,True,False,True,True,None,Rich in vitamin A and potassium.,"Peaches, Plums"
93,Grapefruit (half),Fruits,52,1.0,13.0,0.2,2.0,25,Low,True,False,True,False,True,False,False,True,Citrus,Low GI citrus fruit; enhances insulin sensitivity.,"Orange, Sweet Lime"
94,Lemon Juice (1 lemon),Fruits,12,0.4,4.0,0.1,0.5,20,Low,True,False,True,False,True,True,True,True,Citrus,Squeeze into warm water first thing in the morning.,"Amla Juice, Lime Juice"
95,Amla Gooseberry,Fruits,30,0.5,7.0,0.2,2.0,15,Low,True,False,True,False,True,True,True,False,Citrus,Blend 2 amla with water; shot for immune boosting vitamin C.,"Lemon Juice, Guava"
96,Boiled Whole Eggs (2 eggs),Proteins,155,13.0,1.1,10.6,0.0,0,Low,False,False,False,True,False,True,True,True,Eggs,Hard boil for 9 mins; sprinkle with black pepper and pink salt.,"Egg White Scramble, Tofu"
97,Egg White Scramble (4 whites),Proteins,68,14.4,0.8,0.2,0.0,0,Low,False,False,False,True,False,True,True,True,Eggs,Whisk with spinach and tomatoes; cook on non-stick pan.,"Boiled Eggs, Tofu Scramble"
98,Grilled Chicken Breast (150g),Proteins,247,46.0,0.0,5.3,0.0,0,Low,False,True,False,False,False,True,True,True,None,"Marinate in lemon, garlic, and curd; grill for 12 mins.","Turkey Breast, Fish Fillet"
99,Roasted Turkey Breast (150g),Proteins,200,42.0,0.0,3.0,0.0,0,Low,False,True,False,False,False,False,False,True,None,Season with rosemary; roast at 180°C until internal temp is 75°C.,"Chicken Breast, Salmon"
100,Pan-seared Salmon Fillet,Proteins,300,34.0,0.0,18.0,0.0,0,Low,False,True,False,False,False,False,False,True,Seafood,Sear skin-side down in olive oil for 4 mins; flip for 3 mins.,"Tuna Steak, Cod Fillet"
101,Baked Cod Fillet (150g),Proteins,123,27.0,0.0,1.0,0.0,0,Low,False,True,False,False,False,False,False,True,Seafood,Bake with lemon slices and dill herbs at 200°C.,"Tilapia Fillet, Salmon"
102,Canned Light Tuna in Water,Proteins,130,28.0,0.0,1.0,0.0,0,Low,False,True,False,False,False,False,False,True,Seafood,"Drain brine; mix with Greek yogurt, mustard, and celery.","Salmon Fillet, Chicken Breast"
103,Fresh Paneer / Cottage Cheese,Proteins,265,18.0,3.0,20.0,0.0,0,Low,True,False,False,False,True,True,True,False,Dairy,Cube and pan-sear with spices or simmer in spinach palak gravy.,"Tofu Cubes, Low-fat Paneer"
104,Low-fat Paneer (100g),Proteins,160,20.0,4.0,7.0,0.0,0,Low,True,False,False,False,True,True,True,False,Dairy,Low calorie high protein paneer for weight management.,"Firm Tofu, Greek Yogurt"
105,Firm Tofu Cubes (150g),Proteins,144,15.0,3.5,8.0,2.0,15,Low,True,False,True,False,True,True,True,True,Soy,Press out excess water; marinate in soy sauce and pan-sear.,"Paneer, Tempeh"
106,Organic Tempeh (100g),Proteins,195,20.0,7.6,11.0,4.8,15,Low,True,False,True,False,True,False,False,True,Soy,Slice and bake or sauté; excellent fermented gut protein.,"Firm Tofu, Seitan"
107,Boiled Kabuli Chana (1 cup),Proteins,269,14.5,45.0,4.2,12.5,28,Low,True,False,True,False,True,True,True,True,None,Pressure cook with tea bag for dark color; toss in chole masala.,"Rajma, Black Beans"
108,Rajma Red Kidney Beans,Proteins,225,15.0,40.0,1.0,13.0,24,Low,True,False,True,False,True,True,True,False,None,Soak overnight; simmer with tomato onion gravy.,"Kabuli Chana, Black Lentils"
109,Yellow Toor Dal Cooked,Proteins,198,11.0,34.0,2.0,8.0,29,Low,True,False,True,False,True,True,True,False,None,"Pressure cook with turmeric; temper with ghee, cumin, and hing.","Moong Dal, Urad Dal"
110,Green Moong Dal Cooked,Proteins,180,12.0,30.0,1.5,9.0,31,Low,True,False,True,False,True,True,True,False,None,Easy to digest dal; cook with cumin and ginger.,"Yellow Toor Dal, Chana Dal"
111,Sprouted Moong Beans,Proteins,120,9.0,20.0,0.8,6.0,25,Low,True,False,True,False,True,True,True,False,None,"Sprout for 24 hrs; toss with lemon juice, cucumber, and pomegranate.","Sprouted Chana, Boiled Peas"
112,Black Lentils (Urad Dal),Proteins,210,12.5,36.0,1.8,9.5,32,Low,True,False,True,False,True,True,True,False,None,Slow cook for dal makhani or ferment with rice for dosa batter.,"Rajma, Toor Dal"
113,Black Beans Cooked,Proteins,227,15.2,41.0,0.9,15.0,30,Low,True,False,True,False,True,False,False,True,None,High fiber bean; mash into burritos or quinoa bowls.,"Rajma, Kidney Beans"
114,Textured Soy Chunks,Proteins,210,26.0,15.0,0.5,7.0,15,Low,True,False,True,False,True,True,True,False,Soy,Boil in water for 5 mins; squeeze out water thoroughly before cooking.,"Tofu, Seitan"
115,Plain Greek Yogurt 0%,Proteins,130,20.0,7.0,0.4,0.0,12,Low,True,False,False,False,True,True,True,True,Dairy,High protein probiotic yogurt; top with berries or chia seeds.,"Cottage Cheese, Skyr"
116,Steamed Edamame Pods,Proteins,188,18.4,13.8,8.0,8.0,15,Low,True,False,True,False,True,False,False,True,Soy,Steam for 5 mins; sprinkle with sea salt flakes.,"Sprouted Moong, Green Peas"
117,Seitan Wheat Protein,Proteins,370,75.0,14.0,1.9,0.6,0,Low,True,False,True,False,True,False,False,True,"Gluten,Wheat",High protein wheat gluten meat substitute; slice into stir-fries.,"Soy Chunks, Tofu"
118,Whey Protein Isolate,Proteins,120,25.0,1.5,0.5,0.0,0,Low,True,False,False,True,True,True,True,True,Dairy,Mix 1 scoop with cold water or almond milk post-workout.,"Pea Protein, Soy Protein"
119,Pea Protein Powder,Proteins,115,24.0,2.0,1.5,1.0,0,Low,True,False,True,False,True,True,True,True,None,Plant-based hypoallergenic protein powder for smoothies.,"Whey Protein, Hemp Protein"
120,Lean Ground Beef,Proteins,200,24.0,0.0,11.0,0.0,0,Low,False,True,False,False,False,False,False,False,None,Brown in non-stick pan; drain fat before adding marinara.,"Ground Turkey, Chicken Breast"
121,Mutton Curry Chunks,Proteins,210,22.0,0.0,13.0,0.0,0,Low,False,True,False,False,False,True,True,False,None,Slow cook in pressure cooker for 6 whistles with whole spices.,"Chicken Curry, Ground Beef"
122,Grilled Shrimp (120g),Proteins,120,24.0,1.0,1.5,0.0,0,Low,False,True,False,False,False,False,False,True,"Seafood,Shellfish",Skewer and grill with garlic butter for 2 mins per side.,"Cod Fillet, Tilapia"
123,Crab Meat (100g),Proteins,97,19.0,0.0,1.5,0.0,0,Low,False,True,False,False,False,False,False,True,"Seafood,Shellfish",Steam crab claws or stir-fry meat with chili and pepper.,"Shrimp, Fish Fillet"
124,Tilapia Fillet (150g),Proteins,145,30.0,0.0,2.5,0.0,0,Low,False,True,False,False,False,False,False,True,Seafood,"Pan-fry with paprika, garlic powder, and lemon juice.","Cod Fillet, Salmon"
125,Bangda Mackerel Fish,Proteins,240,28.0,0.0,14.0,0.0,0,Low,False,True,False,False,False,True,False,True,Seafood,Rich in Omega-3; pan fry on tawa with red chili paste.,"Sardines, Salmon"
126,Chana Dal Cooked,Proteins,205,13.0,33.0,2.5,9.0,28,Low,True,False,True,False,True,True,True,False,None,Cook with bottle gourd (lauki) for balanced protein dal.,"Toor Dal, Moong Dal"
127,Kollu Horse Gram Soup,Proteins,160,11.0,28.0,1.0,7.0,25,Low,True,False,True,False,True,True,False,False,None,Boil horse gram; temper with pepper and tamarind for fat loss soup.,"Rasam, Black Chana"
128,Kala Chana Black Chickpeas,Proteins,210,12.0,35.0,2.8,10.0,26,Low,True,False,True,False,True,True,True,False,None,Soak and pressure cook; sauté with dry spices for high fiber dish.,"Kabuli Chana, Rajma"
129,Ricotta Cheese Part-Skim,Proteins,170,14.0,6.0,10.0,0.0,10,Low,True,False,False,False,True,False,False,True,Dairy,Spread on toast or mix with berries and cinnamon.,"Cottage Cheese, Greek Yogurt"
130,Swiss Cheese Slices,Proteins,220,16.0,1.0,18.0,0.0,0,Low,True,False,False,False,True,False,False,True,Dairy,Melt over grilled turkey or veggie sandwiches.,"Paneer, Mozzarella Cheese"
131,Raw Almonds (23 nuts),Healthy Fats,164,6.0,6.0,14.0,3.5,0,Low,True,False,True,False,True,True,True,True,Nuts,Eat raw or soak overnight in water; peel skin before eating.,"Walnuts, Pistachios"
132,Walnut Halves (14 halves),Healthy Fats,185,4.3,3.9,18.5,1.9,0,Low,True,False,True,False,True,True,True,True,Nuts,Rich in Omega-3 ALA; chop into oats or morning fruit salad.,"Almonds, Flax Seeds"
133,Raw Pistachios (49 nuts),Healthy Fats,159,5.7,7.7,12.8,3.0,0,Low,True,False,True,False,True,True,True,True,Nuts,Shell and eat raw as afternoon satiety snack.,"Almonds, Cashews"
134,Raw Cashews (18 nuts),Healthy Fats,157,5.1,8.6,12.4,0.9,0,Low,True,False,True,False,True,True,True,False,Nuts,Blend soaked cashews into creamy vegan curries or soups.,"Almonds, Pistachios"
135,Ground Flax Seeds,Healthy Fats,110,3.8,6.0,8.5,5.6,10,Low,True,False,True,False,True,True,True,True,None,Always consume ground for Omega-3 absorption; stir into smoothies.,"Chia Seeds, Hemp Seeds"
136,Chia Seeds (2 tbsp),Healthy Fats,138,4.7,12.0,8.7,9.8,10,Low,True,False,True,False,True,True,True,True,None,Soak in almond milk or water for 20 mins until gel forms.,"Flax Seeds, Basil Seeds"
137,Raw Pumpkin Seeds,Healthy Fats,151,7.0,5.0,13.0,1.7,10,Low,True,False,True,False,True,True,True,True,None,High zinc seeds; roast lightly on dry tawa.,"Sunflower Seeds, Watermelon Seeds"
138,Sunflower Seeds,Healthy Fats,165,5.5,7.0,14.0,3.0,10,Low,True,False,True,False,True,True,True,True,None,Rich in Vitamin E; sprinkle over green salads.,"Pumpkin Seeds, Sesame Seeds"
139,White Sesame Seeds (Til),Healthy Fats,160,5.0,6.5,13.5,3.3,10,Low,True,False,True,False,True,True,True,False,Sesame,Dry roast; grind into tahini or toss over steamed veggies.,"Black Sesame, Flax Seeds"
140,Black Sesame Seeds,Healthy Fats,160,5.2,6.0,14.0,3.5,10,Low,True,False,True,False,True,True,True,False,Sesame,Rich in calcium; sprinkle on ragi mudde or rice.,"White Sesame, Chia Seeds"
141,Extra Virgin Olive Oil,Healthy Fats,119,0.0,0.0,13.5,0.0,0,Low,True,False,True,False,True,False,False,True,None,Use cold as salad dressing or drizzle over warm veggies.,"Avocado Oil, Cold Pressed Mustard Oil"
142,Avocado Oil,Healthy Fats,124,0.0,0.0,14.0,0.0,0,Low,True,False,True,False,True,False,False,True,None,High smoke point oil ideal for high heat sautéing.,"Extra Virgin Olive Oil, Ghee"
143,Natural Peanut Butter,Healthy Fats,190,8.0,7.0,16.0,2.0,14,Low,True,False,True,False,True,True,True,True,"Peanuts,Nuts",Ensure 100% peanuts with no added palm oil or sugar.,"Almond Butter, Sunflower Butter"
144,Almond Butter Unsweetened,Healthy Fats,196,6.8,6.0,17.8,3.3,12,Low,True,False,True,False,True,True,True,True,Nuts,Spread on apple slices or multigrain toast.,"Peanut Butter, Tahini"
145,Desi Cow Ghee (1 tsp),Healthy Fats,45,0.0,0.0,5.0,0.0,0,Low,True,False,False,False,True,True,True,False,Dairy,Add 1 tsp to warm dal or khichdi for butyric acid gut support.,"Cold Pressed Coconut Oil, Olive Oil"
146,Cold Pressed Coconut Oil,Healthy Fats,120,0.0,0.0,13.6,0.0,0,Low,True,False,True,False,True,True,False,False,Coconut,Ideal for South Indian tempering and medium heat cooking.,"Desi Ghee, Olive Oil"
147,Mustard Oil Kachi Ghani,Healthy Fats,120,0.0,0.0,13.6,0.0,0,Low,True,False,True,False,True,False,True,False,Mustard,Heat until smoking point before cooking North Indian dishes.,"Olive Oil, Sesame Oil"
148,Brazil Nuts (4 nuts),Healthy Fats,130,2.8,2.4,13.0,1.5,0,Low,True,False,True,False,True,False,False,True,Nuts,Eat 2 nuts daily for 100% daily selenium requirement.,"Walnuts, Almonds"
149,Macadamia Nuts,Healthy Fats,204,2.2,3.9,21.5,2.4,0,Low,True,False,True,False,True,False,False,False,Nuts,Rich in monounsaturated fats; eat raw in moderation.,"Hazelnuts, Pecans"
150,Hazelnuts (20 nuts),Healthy Fats,178,4.2,4.7,17.0,2.7,0,Low,True,False,True,False,True,False,False,True,Nuts,Roast lightly and crush over morning cereal.,"Almonds, Macadamia Nuts"
151,Pecan Halves,Healthy Fats,196,2.6,3.9,20.0,2.7,0,Low,True,False,True,False,True,False,False,False,Nuts,Mix into fruit salads or oatmeal.,"Walnuts, Brazil Nuts"
152,Pine Nuts (2 tbsp),Healthy Fats,190,3.8,3.7,19.0,1.0,0,Low,True,False,True,False,True,False,False,True,Nuts,Toast lightly; blend with basil and garlic into pesto.,"Walnuts, Sunflower Seeds"
153,Unsweetened Shredded Coconut,Healthy Fats,110,1.2,4.0,10.0,2.5,10,Low,True,False,True,False,True,True,False,False,Coconut,Sprinkle on porridges or use in South Indian thoran.,"Chia Seeds, Sesame Seeds"
154,Full Fat Coconut Milk,Healthy Fats,190,1.8,3.0,19.0,1.0,0,Low,True,False,True,False,True,True,False,False,Coconut,Add towards end of cooking curries to avoid curdling.,"Almond Milk, Greek Yogurt"
155,Tahini Sesame Paste,Healthy Fats,178,5.0,6.0,16.0,2.8,10,Low,True,False,True,False,True,False,False,True,Sesame,Whisk with lemon juice and garlic for salad dressing.,"Almond Butter, Peanut Butter"
156,Watermelon Seeds (Magaz),Healthy Fats,158,8.0,4.3,13.4,1.0,10,Low,True,False,True,False,True,True,True,False,None,Dry roast; blend into gravies or toss over salads.,"Pumpkin Seeds, Muskmelon Seeds"
157,Muskmelon Seeds Dried,Healthy Fats,150,7.0,4.0,13.0,1.2,10,Low,True,False,True,False,True,True,True,False,None,Rich in protein and healthy fats.,"Watermelon Seeds, Sunflower Seeds"
158,Dark Chocolate 85%,Healthy Fats,120,2.2,9.0,9.5,2.5,20,Low,True,False,True,False,True,True,True,True,Chocolate,Eat 2 small squares post-dinner for flavonoid mood boost.,"Cocoa Powder, Almonds"
159,Green Olives,Healthy Fats,40,0.4,1.0,4.0,1.0,15,Low,True,False,True,False,True,False,False,True,None,Rinse extra brine; chop into Mediterranean salads.,"Kalamata Olives, Avocado"
160,Kalamata Olives,Healthy Fats,70,0.6,2.0,7.0,1.5,15,Low,True,False,True,False,True,False,False,True,None,Rich in oleic acid and polyphenols.,"Green Olives, Olive Oil"
161,Steamed Rice Idli (2 pcs),South Indian,130,4.0,26.0,0.5,1.5,55,Medium,True,False,True,False,True,True,False,False,None,Ferment batter for 12 hrs; steam in idli cooker for 10 mins.,"Ragi Idli, Oats Idli"
162,Crispy Plain Dosa,South Indian,160,3.8,29.0,3.5,1.2,60,Medium,True,False,True,False,True,True,False,False,None,Spread batter thinly on hot tawa; use minimal oil.,"Oats Dosa, Ragi Dosa"
163,Oats Vegetable Dosa,South Indian,140,5.0,24.0,2.8,3.5,50,Low,True,False,True,False,True,True,False,False,Gluten,Blend powdered oats with curd and grated carrots.,"Plain Dosa, Pesarattu"
164,Vegetable Sambar,South Indian,110,5.5,18.0,2.0,4.2,45,Low,True,False,True,False,True,True,False,False,None,"Boil toor dal with drumstick, pumpkin, tamarind, and sambar powder.","Rasam, Dal Tadka"
165,Coconut Chutney,South Indian,75,0.8,2.5,7.0,1.8,20,Low,True,False,True,False,True,True,False,False,Coconut,"Grind fresh coconut with roasted chana dal, green chili, and ginger.","Tomato Chutney, Mint Chutney"
166,Rava Upma Veggies,South Indian,190,4.5,34.0,4.5,2.8,65,Medium,True,False,True,False,False,True,False,False,"Gluten,Wheat","Roast semolina first; sauté mustard seeds, cashews, and veggies.","Oats Upma, Dalia Upma"
167,Ragi Dosa (2 dosas),South Indian,150,4.5,28.0,2.0,4.5,48,Low,True,False,True,False,True,True,False,False,None,Mix ragi flour with rice batter and butter milk.,"Oats Dosa, Pesarattu"
168,Ven Pongal Ghee,South Indian,230,6.0,36.0,7.0,3.0,58,Medium,True,False,False,False,True,True,False,False,Dairy,"Pressure cook rice and moong dal; temper with ghee, cumin, black pepper, and cashews.","Oats Pongal, Khichdi"
169,Curd Rice (Thayir Sadam),South Indian,210,5.5,35.0,5.0,1.5,54,Low,True,False,False,False,True,True,False,False,Dairy,"Mash soft cooked rice with fresh curd, pomegranate, and mustard tempering.","Greek Yogurt Rice, Buttermilk"
170,Lemon Rice (Elumichai),South Indian,240,4.0,42.0,6.5,2.0,60,Medium,True,False,True,False,True,True,False,False,Citrus,"Toss cooked rice with turmeric, roasted peanuts, curry leaves, and lemon juice.","Brown Rice Lemon Rice, Quinoa Lemon Rice"
171,Tamarind Rice (Puliyodarai),South Indian,250,4.2,44.0,7.0,2.5,62,Medium,True,False,True,False,False,True,False,False,Peanuts,Simmer tamarind paste with sesame oil and spices before tossing with rice.,"Lemon Rice, Tomato Rice"
172,Tomato Rice / Bath,South Indian,220,3.8,38.0,6.0,2.2,58,Medium,True,False,True,False,True,True,False,False,None,"Sauté ripe tomatoes with mint, ginger, and biryani spices.","Veg Pulao, Lemon Rice"
173,Appam with Coconut Milk,South Indian,180,3.0,30.0,5.5,1.8,55,Medium,True,False,True,False,True,True,False,False,Coconut,Ferment rice appam batter; pour in appam chatti to get lace edges.,"Idli, Neer Dosa"
174,Kerala Puttu & Kadala,South Indian,290,9.5,48.0,6.0,7.5,52,Low,True,False,True,False,True,True,False,False,None,Layer coarse rice flour and coconut in puttu maker; serve with black chickpea curry.,"Idli Sambar, Appam"
175,Avial Mixed Veg Bowl,South Indian,140,3.0,14.0,8.0,4.0,35,Low,True,False,True,False,True,True,False,False,Coconut,"Steam drumstick, raw banana, yam; fold into thick curd coconut paste.","Mixed Veg Sabzi, Poriyal"
176,Rasam Pepper Soup,South Indian,50,1.5,8.0,1.2,1.5,30,Low,True,False,True,False,False,True,False,False,None,"Simmer tamarind water with crushed black pepper, garlic, and tomatoes.","Vegetable Clear Soup, Sambar"
177,Pesarattu Moong Dosa,South Indian,165,8.0,26.0,3.0,5.0,42,Low,True,False,True,False,True,True,False,False,None,Grind soaked green moong with ginger and green chilies.,"Ragi Dosa, Oats Dosa"
178,Vegetable Uttapam,South Indian,185,4.5,32.0,4.5,2.5,60,Medium,True,False,True,False,False,True,False,False,None,"Thick dosa topped with finely chopped onion, tomato, and coriander.","Plain Dosa, Idli"
179,Set Dosa (2 pcs),South Indian,190,4.8,34.0,4.0,2.0,62,Medium,True,False,True,False,True,True,False,False,None,Soft spongy dosas cooked on low heat with lid covered.,"Plain Dosa, Uttapam"
180,Kanchipuram Idli,South Indian,110,3.2,19.0,2.5,1.8,52,Low,True,False,True,False,True,True,False,False,Sesame,Spiced idli batter steamed in banana leaves.,"Steamed Idli, Rava Idli"
181,Bisi Bele Bath,South Indian,260,7.5,42.0,7.0,4.5,56,Medium,True,False,False,False,True,True,False,False,Dairy,"Cook rice, toor dal, and vegetables with aromatic bisi bele bath masala.","Khichdi, Sambar Rice"
182,Vangi Brinjal Bath,South Indian,230,4.0,39.0,6.5,3.5,55,Medium,True,False,True,False,True,True,False,False,None,Sauté eggplant with ground spice powder before tossing with rice.,"Tomato Rice, Bisi Bele Bath"
183,Hydrabadi Veg Biryani,South Indian,280,6.5,45.0,8.0,4.0,62,Medium,True,False,False,False,False,True,True,False,Dairy,Dum cook basmati rice with marinated vegetables and mint.,"Veg Pulao, Tomato Rice"
184,Kerala Fish Curry,South Indian,220,24.0,6.0,11.0,1.5,30,Low,False,True,False,False,False,True,False,False,"Seafood,Coconut",Simmer fish in coconut milk and kudampuli (gamboge tamarind).,"Grilled Salmon, Fish Amritsari"
185,Chettinad Chicken,South Indian,270,32.0,5.0,14.0,1.8,20,Low,False,True,False,False,False,True,False,False,None,"Dry roast fennel, poppy seeds, and red chilies for fiery Chettinad paste.","Punjabi Chicken Curry, Tandoori Chicken"
186,Egg Roast Kerala,South Indian,180,13.0,6.0,11.0,1.2,20,Low,False,False,False,True,False,True,False,False,Eggs,Sauté hard boiled eggs in caramelised onion tomato masala.,"Egg Curry Punjabi, Boiled Eggs"
187,Prawns Thokku,South Indian,160,20.0,4.0,7.0,1.0,15,Low,False,True,False,False,False,True,False,False,"Seafood,Shellfish","Stir-fry prawns with red chili, shallots, and curry leaves.","Fish Curry, Grilled Shrimp"
188,Neer Thin Dosa,South Indian,140,2.8,28.0,1.5,1.0,58,Medium,True,False,True,False,True,True,False,False,None,Lacy thin watery rice batter cooked without flipping.,"Appam, Plain Dosa"
189,Akki Rice Roti,South Indian,160,3.0,30.0,3.0,2.0,60,Medium,True,False,True,False,False,True,False,False,None,"Knead rice flour with dill leaves, onion, and green chili.","Jowar Roti, Ragi Mudde"
190,Coconut Rice Bowl,South Indian,270,3.8,40.0,10.0,3.0,60,Medium,True,False,True,False,True,True,False,False,Coconut,"Toss steamed rice with freshly grated coconut, cashews, and mustard seeds.","Lemon Rice, Curd Rice"
191,Palak Paneer,North Indian,240,14.0,8.0,17.0,3.5,30,Low,True,False,False,False,True,False,True,False,Dairy,Blanch spinach; blend and simmer with paneer cubes and mild spices.,"Tofu Palak, Matar Paneer"
192,Dal Makhani,North Indian,260,11.0,30.0,10.0,7.0,35,Low,True,False,False,False,True,False,True,False,Dairy,Slow simmer black urad dal and rajma overnight; touch of fresh cream.,"Yellow Dal Tadka, Chole"
193,Punjabi Chole Curry,North Indian,230,12.0,34.0,5.5,8.5,32,Low,True,False,True,False,False,False,True,False,None,"Simmer chickpea with black tea infusion, pomegranate powder, and chole spices.","Rajma Masala, Black Chana"
194,Rajma Masala Gravy,North Indian,210,11.5,32.0,4.0,8.0,28,Low,True,False,True,False,False,False,True,False,None,Soak red kidney beans; cook in thick tomato onion gravy.,"Punjabi Chole, Dal Makhani"
195,Aloo Gobi Sabzi,North Indian,150,3.5,20.0,6.5,4.0,55,Medium,True,False,True,False,False,False,True,False,None,"Sauté potato and cauliflower florets with cumin, turmeric, and amchur.","Bhindi Masala, Baingan Bharta"
196,Bhindi Do Pyaza,North Indian,120,2.8,12.0,7.0,3.8,30,Low,True,False,True,False,False,False,True,False,None,Stir-fry okra with sliced onions and dry mango powder.,"Aloo Gobi, French Beans"
197,Methi Thepla (2 pcs),North Indian,180,5.0,26.0,6.0,3.5,52,Low,True,False,True,False,True,False,True,False,"Gluten,Wheat","Knead whole wheat flour with fresh fenugreek leaves, curd, and sesame seeds.","Missi Roti, Whole Wheat Roti"
198,Moong Dal Khichdi,North Indian,210,8.5,36.0,3.5,4.0,45,Low,True,False,False,False,True,True,True,False,Dairy,Pressure cook equal parts yellow moong dal and rice; finish with ghee temper.,"Dalia Khichdi, Oats Khichdi"
199,Missi Besan Roti,North Indian,140,6.0,22.0,3.0,4.0,42,Low,True,False,True,False,True,False,True,False,"Gluten,Wheat",Mix chickpea flour (besan) and wheat flour with ajwain and kasuri methi.,"Methi Thepla, Jowar Roti"
200,Kadai Paneer Curry,North Indian,270,15.0,10.0,19.0,2.8,32,Low,True,False,False,False,True,False,True,False,Dairy,Toss paneer cubes and capsicum in freshly crushed coriander pepper kadai masala.,"Palak Paneer, Shahi Paneer"
201,Punjabi Baingan Bharta,North Indian,130,2.5,14.0,7.5,4.5,25,Low,True,False,True,False,False,False,True,False,None,"Char whole brinjal over open flame; mash with garlic, tomatoes, and cilantro.","Aloo Gobi, Bhindi Masala"
202,Jeera Rice (1 cup),North Indian,200,3.8,40.0,2.5,1.2,64,Medium,True,False,True,False,True,True,True,False,None,Temper cumin seeds in ghee; fold into steamed basmati rice.,"Brown Rice, Veg Pulao"
203,Matar Paneer Curry,North Indian,230,13.0,14.0,14.0,4.0,38,Low,True,False,False,False,True,False,True,False,Dairy,Simmer green peas and soft paneer in spiced onion tomato gravy.,"Palak Paneer, Kadai Paneer"
204,Tandoori Wheat Roti,North Indian,110,3.5,22.0,0.5,2.8,60,Medium,True,False,True,False,True,False,True,False,"Gluten,Wheat",Bake whole wheat roti in clay tandoor or tawa.,"Whole Wheat Roti, Missi Roti"
205,Garlic Butter Naan,North Indian,220,5.5,36.0,6.5,1.5,74,High,True,False,False,False,False,False,True,False,"Gluten,Wheat,Dairy",Bake white flour dough; brush with melted garlic butter.,"Tandoori Roti, Missi Roti"
206,Tandoori Chicken Tikka,North Indian,230,35.0,3.0,8.0,0.8,15,Low,False,True,False,False,False,False,True,False,Dairy,Marinate chicken in spiced hung curd; char in oven or grill.,"Grilled Chicken Breast, Butter Chicken"
207,Butter Chicken Curry,North Indian,340,28.0,8.0,22.0,1.2,35,Low,False,True,False,False,False,False,True,False,"Dairy,Nuts",Simmer grilled chicken in rich tomato cashew butter gravy.,"Punjabi Chicken Curry, Tandoori Chicken"
208,Punjabi Chicken Curry,North Indian,250,30.0,6.0,12.0,1.5,25,Low,False,True,False,False,False,False,True,False,None,"Home-style chicken cooked with whole garams, onion, and tomato.","Butter Chicken, Chettinad Chicken"
209,Fish Amritsari Fry,North Indian,210,22.0,6.0,11.0,0.5,20,Low,False,True,False,False,False,False,True,False,"Seafood,Mustard","Coat fish fillets in besan, ajwain, and mustard oil; shallow fry.","Grilled Cod, Kerala Fish Curry"
210,Mutton Rogan Josh,North Indian,310,26.0,5.0,21.0,1.0,20,Low,False,True,False,False,False,False,True,False,Dairy,Kashmiri slow cooked mutton with alkanet root (ratanjot) and fennel.,"Punjabi Chicken, Beef Curry"
211,Egg Curry Punjabi,North Indian,190,13.0,7.0,12.0,1.5,20,Low,False,False,False,True,False,False,True,False,Eggs,Simmer hard boiled eggs in thick onion tomato masala.,"Egg Roast Kerala, Paneer Bhurji"
212,Kadhi Pakora Gravy,North Indian,240,7.0,22.0,14.0,2.5,55,Medium,True,False,False,False,False,False,True,False,Dairy,Simmer sour yogurt besan gravy with fried chickpea flour dumplings.,"Dal Makhani, Chole"
213,Lauki Chana Dal Gravy,North Indian,160,7.5,24.0,3.5,5.5,32,Low,True,False,True,False,True,False,True,False,None,Light nutritious curry made by combining bottle gourd and chana dal.,"Yellow Toor Dal, Moong Dal"
214,Paneer Bhurji Scramble,North Indian,280,19.0,6.0,20.0,1.2,20,Low,True,False,False,False,False,False,True,False,Dairy,"Crumble paneer and sauté with capsicum, tomatoes, and cumin.","Tofu Scramble, Egg Scramble"
215,Soya Chaap Masala,North Indian,260,18.0,16.0,14.0,4.0,30,Low,True,False,True,False,True,False,True,False,"Soy,Gluten,Wheat",Marinate soya sticks; roast and cook in rich onion tomato gravy.,"Paneer Kadai, Tofu Curry"
216,Gajar Matar Sabzi,North Indian,110,3.0,16.0,4.0,4.2,45,Low,True,False,True,False,True,False,True,False,None,Stir-fry sweet red carrots and green peas with cumin.,"Aloo Gobi, Bhindi Masala"
217,Dum Aloo Gravy,North Indian,210,3.5,26.0,10.0,3.0,62,Medium,True,False,False,False,False,False,True,False,"Dairy,Nuts",Prick baby potatoes; deep fry and simmer in spiced cashew yogurt gravy.,"Baingan Bharta, Matar Paneer"
218,Shahi Paneer Gravy,North Indian,320,14.0,12.0,25.0,2.0,40,Low,True,False,False,False,True,False,True,False,"Dairy,Nuts",Rich mild paneer curry prepared with cashew paste and saffron.,"Kadai Paneer, Palak Paneer"
219,Aloo Stuffed Paratha,North Indian,260,5.0,38.0,10.0,3.0,68,Medium,True,False,False,False,False,False,True,False,"Gluten,Wheat,Dairy",Stuff spiced mashed potatoes into wheat dough; roast with ghee.,"Methi Thepla, Paneer Paratha"
220,Paneer Paratha,North Indian,290,12.0,30.0,14.0,2.5,55,Medium,True,False,False,False,False,False,True,False,"Gluten,Wheat,Dairy",Stuff grated paneer with green chili and coriander into flatbread.,"Aloo Paratha, Methi Thepla"
